x1,x2,x3,x4,x5,x6,x7,x8,x9,x10,x11,x12,x13,x14,x15,x16,x17,x18,x19,x20,x21,x22,x23,x24,x25,x26,x27,x28,PT
100.3272832,7.872231796,2.93526986,39.19426765,2.069628225,1.362807089,1.583576706,7.141144589,1.052814287,1.857916744,26.20191826,487.2751422,0.550993742,2.271330761,5.851244634,44.07312397,5.768183015,0.973609337,80.30726593,4.04252977,19.26364195,297.7629494,0.88462786,332.9617984,2.898145675,14.23808308,41.68418068,2.513633863,0
2732.699782,32.4069454,7.304266068,196.2119255,5.327878226,0.508703354,2.741503045,3.534832169,1.915488721,11.1955861,29.57960698,788.0210307,2.056730781,1.295294812,11.37502584,102.1830746,1.196177878,0.302844879,7.365897067,0,27.92760466,15.15628852,3.577251486,240.0519936,3.036651074,12.51597841,34.33621927,5.638661396,1
1264.983883,25.95121254,11.69926694,201.3706236,6.209018598,3.234094199,0.177285018,3.930463247,0,9.251180894,9.316221638,1205.293476,0.581317607,0.598211311,2.284678051,87.2279098,3.166991344,8.407542626,1.615557644,2.077739735,17.62925725,22.33071045,0.349240578,241.8179693,0.964938757,4.693654106,29.5855977,8.357203516,0
0.539398005,4.902202557,44.34543936,7.242932527,0.978331021,15.20295521,1.395334129,1.937246263,0.765985125,53.21786074,15.77441881,384.946431,0.07633589,1.178013754,0,45.83699965,0.899203755,1.804116216,0,0,11.1092114,2.472482177,0,190.856791,0.095022483,21.64501917,27.135252,5.713952034,1
72.66169454,0.240273834,0.185961399,23.47909296,8.525500008,0.326117636,0,41.79905285,0,1.082355354,3.286042895,513.4606307,0.117247798,0.180903128,1.376942154,77.70758093,3.452438645,4.613758689,3.412636837,0.623550767,58.92078186,22.64317121,0.211181204,106.6980914,1.240466599,5.541317421,39.93736436,11.10733018,0
1815.318596,10.97928005,5.479489301,153.0933934,2.182067556,2.200723116,1.26187708,1.485759575,0.857905789,16.53994405,14.23808895,269.4950261,0.741017566,0.43768315,5.416443506,38.09208156,1.711375529,0.998247001,1.207978,0.8206801,27.1941522,19.20917145,0.320081597,217.5666949,2.730848198,5.98706737,46.69728891,6.895832283,0
1053.185905,29.90346791,23.61260199,13.73330336,4.114541835,2.446928714,1.416350897,5.783210284,0.864247239,13.99364727,29.74745468,704.4525194,0.199287133,0.416533288,6.357321557,54.88042558,2.102766147,4.285652083,1.824273777,0,24.84558113,49.63235672,0.367482245,125.9070649,7.744517342,11.11995571,31.02597514,9.461452703,1
112.5429377,5.477209299,1.088510987,141.6165201,3.937418528,1.465868287,0.586457989,13.25295637,0.318512575,5.566576075,7.672860176,739.3381375,0.401027439,1.236971643,4.691548583,55.38286785,4.866546564,0.67475253,10.21769464,0.604452703,15.50405678,249.891728,1.031222974,329.702893,14.11623819,8.010331096,45.55070675,3.665523572,0
2586.877597,20.49531355,2.863056172,185.7701213,1.563826794,0.912434089,3.332322688,7.271731688,2.750691613,4.122978277,22.54072862,739.7753786,0.74519739,1.267678105,8.936365695,72.88075008,3.226040765,1.187775351,70.03515731,0,12.74247599,392.2332536,1.616162096,273.4868933,50.41788726,10.76352351,43.2836311,3.068809389,1
2483.279688,15.47011514,15.62173827,100.3451425,1.900398377,0.680446096,3.016413162,8.221573714,1.679290698,6.762440197,5.948448866,648.8706971,3.668270801,0,7.291705059,56.32991112,2.266547075,2.428248681,2.567663933,2.234169811,29.41756949,129.863425,2.759928935,278.9243954,32.70550325,4.691341035,30.8995698,4.947939183,0
4388.69212,7.523946093,25.95814882,279.3797002,4.590416999,3.895973441,0.157255916,1.022349435,0.300076374,48.58031409,36.84359766,708.6093073,2.279677152,0,0,68.39054431,3.028290818,3.228113707,1.31288539,2.743474575,24.52236969,71.40048765,0.451513788,104.0406754,1.090114947,21.73301093,35.58520976,7.890571625,1
3264.112351,22.90835715,5.30461213,27.89892053,1.062957712,1.107141771,2.306348297,0.632692341,3.862355571,11.42108717,35.63171641,887.8691353,0.16577819,2.563362626,0,78.41709155,4.44785021,0.660069563,2.792397919,0.916362932,26.28548337,21.29850678,1.347969869,208.7254795,135.4929399,13.02560426,17.51443504,2.388870363,1
4.214662972,3.330776411,14.80204179,5.441677526,4.749696804,1.974210197,0.248685257,1.421732919,0,14.15927653,10.8264908,432.6611116,2.461666692,0.305553497,1.014277207,58.60789662,2.668502344,1.598005119,0.987316116,1.933290578,86.36383459,14.58409035,1.669022708,84.55607057,2.2526003,6.347947923,50.41115838,15.64038636,1
42.78533182,0.516418226,15.92689779,0.748002986,7.082933398,2.298069021,2.301014577,8.04587393,0.90964506,8.993524147,3.165125218,342.5405043,4.805783967,0.292939903,0.836526418,32.33047298,2.795744568,1.061680306,33.86266392,0.871373524,57.23776852,154.3782512,0,24.06572853,0.234514189,5.128977526,79.37346294,1.972716219,1
1765.987798,2.363915031,4.996072655,91.06928093,12.37486113,0.183186829,2.114563869,9.326363889,0.987045791,16.64530871,11.44076872,887.1445006,0.411473337,0.12720366,0.491204582,76.86181527,3.338218868,0.98109769,5.533173492,0,42.74580936,131.6470497,0.148622105,101.102434,39.46827908,8.426653974,47.56627957,3.248735203,1
466.9136276,1.150019751,3.222033978,19.48305773,19.20128357,0.842228723,0.229815864,12.85095106,0.214270038,15.51693222,9.350109935,454.4707661,1.093079838,0.519793694,2.505949066,66.79161336,1.212074827,3.004787793,60.36751173,1.842520947,69.86479787,111.6616667,0.60727249,148.1866375,50.46563842,3.804537517,40.373311,10.8738792,1
449.6244433,10.1136402,11.35632867,50.34832036,5.687484325,0.822757505,0.173604052,3.829046295,0,29.312944,12.54933694,812.4587655,0.886996347,0.685814621,3.543424058,78.78076556,2.515365274,4.710851785,2.491213589,0,27.55560933,56.40363903,0.801456126,121.4261599,15.84050352,11.02862941,27.11607046,11.5964187,1
3850.680183,14.36635001,8.972230211,111.1180507,5.884013184,2.939942156,0.053710772,2.619173383,0,12.75764563,4.225084043,515.9817331,0.058710268,0.181336012,1.738027261,77.70557401,2.614655273,0.23217953,1.472573626,0,15.25346816,20.32366193,0.847116164,303.7225126,116.5315297,6.106970241,51.99436671,1.557293664,1
419.5793845,3.206468366,32.12876192,36.78927631,2.50406386,8.258778024,0.703584615,2.660847047,0.48561514,3.180089479,7.893823621,324.6796998,0.390477862,0.503381001,0.782635052,47.73822238,1.277961584,1.039089607,2.747914886,0,31.17307418,52.08472109,0.470694821,41.89889584,93.75145187,3.873170154,36.83412751,7.297794062,1
573.5602993,8.374178684,0.170777446,202.2551281,2.977374096,0.118436679,1.701838027,4.550816133,2.043343168,1.573495662,42.1200738,828.8531305,1.010673739,1.234781536,1.283793864,50.26882952,15.68172726,0.851025691,28.36172144,0,13.47439325,1514.737297,2.309612202,371.0057974,2.055256374,3.882800111,28.61134321,0.174089816,0
2350.423439,27.00179043,4.850895978,134.386507,2.207104264,1.086495407,2.415077109,2.846582296,1.188947508,4.874070822,5.710726917,706.2414334,0.542335943,0.419121055,2.264715362,69.58107429,3.908411201,0.646343058,1.139105888,0.595160249,19.46312168,185.839627,2.154582682,206.8757537,102.5519324,3.874492203,29.40013534,5.058941263,1
1140.795563,15.60999567,24.10659639,257.1148957,7.275309054,3.631670164,0.63279363,7.55607168,0.474064348,4.036096964,3.846979078,922.3639544,1.135319062,0.109506726,4.175303766,43.18823506,1.669799897,1.677443412,3.840773904,0.757826811,71.0411584,27.85534508,2.940533188,355.6765429,54.85253825,1.578006949,40.27265357,6.891254925,1
1215.127723,1.142036949,12.83151678,13.95309702,9.632053978,1.370858834,1.349694898,8.739855028,0.888988413,1.125384254,19.03194746,371.7712773,6.189040086,0.674284045,2.024957414,61.19188771,1.714186721,1.915496764,38.08962154,0.86292838,46.53282466,141.1177972,2.171058983,228.5774655,48.69889419,5.162678842,38.85660565,11.52540371,0
1512.258265,22.34645638,10.84646978,21.91417215,7.091676809,1.269858312,2.748124943,3.119110942,1.234812931,1.711605056,15.21841453,411.621424,2.536567089,1.760517081,0.742274802,39.6440279,9.945202698,0.498083217,77.88163311,0,28.16137281,302.0708318,1.598191698,112.2476376,1.262686905,5.642302778,47.81588422,8.878327991,1
3.983367312,6.126651914,31.29102069,66.2810646,2.901784103,0.692731117,2.922328436,5.08646858,1.849371146,25.71331778,6.805301897,689.3799251,0.622544979,0,0.73581185,42.32656637,4.070549164,0,60.30521034,0,29.41832628,904.9593384,1.795972383,136.5897249,0,2.175189886,28.142292,1.305930731,1
34.2815255,5.268475538,0.560637861,72.62058578,7.141058293,0.486990625,0.710592233,13.05818523,0.15995826,2.282744127,20.48518842,398.2610777,0.262494481,0.54134287,1.05077431,66.25054089,2.867033451,0.697921871,19.1938942,0,27.25355195,431.0082935,1.42355751,275.9649755,1.199322385,2.777440639,54.93253682,1.815754574,1
2259.669626,33.00119532,5.83728243,213.4923571,1.680621588,1.604647231,0.641801215,4.522354147,0.32567717,14.78762336,20.50754359,593.7255742,0.192228239,1.485786713,6.315911072,60.23816354,2.770713172,1.528594076,0,1.056940708,24.52870204,15.59670285,0.694416441,274.4164428,80.22253576,2.517556662,40.36598931,0.523359193,0
123.0952304,8.342156246,43.02021262,8.359135558,3.252634419,2.645384186,0.472534999,1.834522939,0,1.723074899,5.775925299,618.0268029,1.033276298,0,2.479836789,75.40234492,2.840265186,0,0.871364317,1.145640457,20.0931518,151.6966056,0.933831414,165.6558166,18.7974069,12.7920492,47.62675041,4.570038277,1
281.8786947,5.544850445,4.874739536,62.84855428,7.245114176,12.69046375,0.298607525,7.978668945,0.105739324,2.797592501,30.74237283,499.8061626,2.591885495,0.925280508,3.765193677,50.18341544,2.845638574,2.447537956,33.55236595,1.050513939,63.28398011,420.5778436,1.549059077,80.80920773,43.0477373,6.022890242,52.41667717,12.9463393,1
1210.500053,3.109549327,1.261963759,316.378002,4.162903632,3.274574692,0.409666311,1.945346849,0.121382019,10.46712703,7.574985844,547.6793643,0.529886268,0.973840261,2.129360424,51.23145348,1.201732923,1.187593281,2.728072081,1.185088075,26.52670834,13.72588273,0.877781532,441.5396991,3.610252759,2.403454029,46.44255784,2.978008028,0
1390.35714,8.084468253,1.910085844,0.654391636,5.574473116,3.721743373,0,3.502600269,0,0.337059475,28.49114261,641.2419445,1.264550932,3.556659243,1.21032984,43.80066255,1.546188986,3.448180919,0.561776264,1.531712657,21.64760539,502.1373206,0.356763196,50.78631653,3.024526696,8.362721405,36.67455277,10.48680672,1
1053.027095,0.663522192,11.85616699,154.0862706,13.4246818,2.630805494,0.308665533,7.036768493,0,5.400127674,8.323169575,552.1655439,2.363255292,0.093753448,2.189003008,77.26801837,2.068062485,2.178535198,6.14568161,3.383343826,100.4546925,24.06819898,0.876714708,180.2433932,35.75527815,7.645058633,44.67513729,12.21773014,1
688.5065089,5.436324562,17.71467783,296.6670475,3.571359878,1.013785188,0.473391812,2.50210414,0.563437435,7.674967762,8.922943502,677.6517512,0.662471631,1.919624645,1.480337624,72.61291328,2.708653233,0.986238048,4.171302665,0.906613594,11.16486439,66.06845759,1.34559123,465.0388454,88.60334912,5.324592386,34.87887459,4.787243979,0
1415.427362,11.89034483,3.347322918,231.3001506,7.973886999,1.791347183,1.199079388,9.874287905,0.325442761,5.195655552,7.751306947,406.3154561,1.717763809,0.995401738,5.300577104,59.41827879,2.953978301,0.320400064,3.3886062,1.779184367,20.04978115,174.9123248,1.744807917,378.1761023,2.305890196,3.193228874,28.82077272,4.032527136,0
698.3890697,3.536128376,1.317541778,57.76859738,22.29679305,0.805982898,0.18932078,7.926843253,0,1.560123681,7.945703886,601.5601943,2.586774999,0.958727307,1.837311115,74.30559903,0.947262582,1.636471086,3.892124403,0,34.30364417,25.94320646,0.37322069,164.0218608,4.509424183,2.875628197,36.1907998,5.750864763,0
264.3500744,0.964825032,0.68892516,139.2388883,7.653002753,1.088000738,0.049712097,4.454639655,0,14.77427321,2.007093843,664.1411423,0.86928358,0.083813404,2.548606289,65.59638857,1.066060792,1.495256911,2.482674816,0,61.06291093,13.76577512,0.782671726,138.6869249,30.76215734,1.76946922,35.69988834,4.094142053,1
2.467159801,0.53444854,12.87339227,9.734585059,3.407820521,5.731610424,0.998840108,5.822299467,0.793706457,8.185411646,7.329125546,727.074362,0.467844378,0.423202798,3.356269937,62.70434422,1.691902734,2.36552405,3.339836764,1.817850342,45.22963126,303.892617,0.565971718,97.67840688,25.72897496,9.334521336,47.84123115,5.757195706,1
1921.802485,23.30672233,7.629802734,39.02470695,7.858189776,0.279642628,2.029380417,8.095680663,0.730186742,2.150355179,13.72725653,387.6030591,2.008067008,0.714664773,6.78205168,48.1547627,3.35050823,2.04737848,9.762251083,1.003689078,42.63438142,560.3068554,2.054167681,227.1754919,11.85490497,6.596499429,45.46638226,3.017720687,0
59.14792574,3.312784688,0,20.15720644,7.481760432,0.463642484,0.301617565,17.23016334,0.166844145,2.682393574,10.29125186,499.7043977,1.581309113,0.06465097,1.302115266,54.20158938,2.075145209,3.061453276,22.35066393,1.508280655,28.42519113,138.5853427,1.287264108,409.3981237,8.936610537,17.01151048,58.39784982,9.573011865,1
1529.334246,6.485528426,24.51058744,175.3690691,10.53325149,1.650113412,1.694697547,5.040213129,1.961282682,0.943043815,18.5124703,786.9309626,1.260545329,2.174803396,3.936205906,66.71094875,4.847725546,0.8777033,50.09193469,0,26.78434019,426.0833697,0.935569713,204.0480177,56.86549355,4.710958677,31.31259943,4.078972438,1
2166.263903,18.12140041,21.76021055,63.43167008,4.225815322,0.141792608,2.660814145,5.591018133,0.906805113,0.533345966,24.09317897,765.5562094,0.318507987,2.461076546,2.276889035,62.77638059,15.84809898,1.517098968,530.1620225,0.696943634,9.325346626,1108.102427,2.300141243,161.4120798,5.474862922,5.714230038,38.33380867,1.379292814,0
114.5124591,2.252074704,9.339665195,6.579334085,6.889693547,2.036453651,0.201177512,12.81352608,0.304556264,6.997240617,10.12957292,456.8144349,0.060995435,0.659700024,3.264532333,58.53345685,2.640664252,4.111526883,48.58446091,2.660362567,38.44623888,24.32665704,0.110090026,172.3276547,142.5928547,6.488774924,42.80940084,3.834292735,1
18.98961562,5.81222378,23.17636128,84.10013187,4.703338557,7.641264463,2.116356018,4.01285695,0.945506498,0.531643005,1.960188933,285.9514928,0.63684389,0.219019175,9.39642858,89.27824715,2.688851841,1.13236232,6.589239135,3.177408393,42.00263187,15.51538132,2.048380925,295.3509078,10.49526593,2.863207778,47.03899706,30.0298824,1
1604.077388,20.28817228,10.23745019,172.2888332,6.430205293,3.23617454,1.158059371,6.538072306,0.555182076,1.294286189,11.89528286,705.5663189,1.356766655,1.498659906,3.485095654,80.1058022,1.141597513,3.860796174,28.99222187,0,58.07760704,59.05208521,2.276799207,323.8653617,59.16680717,7.152848174,34.55426897,6.475935038,1
35.38470038,4.032580697,98.12229124,117.914934,2.85485996,1.127431308,2.158207143,2.853868028,0.812600321,1.07021322,10.36716666,726.8630709,0.71810459,4.767595255,7.568582712,71.73345754,7.668072861,0.934640902,101.8875421,1.185897324,41.870312,250.8796152,2.435735568,86.30611737,3.586641099,5.119952801,50.72650245,2.883764898,0
651.7538623,0.366209108,4.156971922,14.61698447,7.666816222,1.189873146,0.352664415,3.633307444,0.737298148,8.961577511,7.789235622,487.9642778,0.480720763,0.580044703,1.318953433,33.52683779,1.542432667,1.515918678,29.35798738,3.765867756,34.73757895,75.23910098,1.066836724,107.2146837,41.32100002,14.94587293,43.90452172,5.503011573,0
588.3464047,2.078703462,10.23106725,116.605324,4.91028638,3.377491025,2.726820515,21.50777839,3.183671794,19.04658661,27.23894177,628.9523796,0.336944209,0.979813688,3.370738758,83.59633374,1.049121478,1.534351047,10.47111372,0,23.31113143,8.491393803,0.229326154,122.6447305,25.3271266,13.62300235,41.1137787,2.971550251,1
1066.474916,8.470763148,0.286951982,229.9823567,10.77503063,0.399527827,0,12.32915092,0.343007676,3.858326068,7.658750303,1101.271471,1.346073766,0.416205986,4.828869572,75.65346816,3.640548493,1.427912884,91.73718812,1.977750075,13.89633218,423.7983329,1.783209857,292.4955499,2.124142688,6.054237666,43.62628667,6.278817985,0
55.18406589,7.155278347,39.10802525,6.640720403,9.654358528,6.949990793,0.372052492,5.393746524,0.482963476,5.105754472,1.893511483,1223.421497,1.899715658,0.42029668,2.060909579,73.36691614,0.977637742,0.817437293,57.67400478,0.771666932,28.12110381,1507.829916,1.351675518,62.85608788,18.60997963,12.37758975,50.03054023,6.769146894,0
420.5466746,1.377470394,7.730559485,96.79580279,11.0072536,0.689016395,0.456530821,18.63980603,0.58834015,8.566027328,8.956108891,333.0321463,1.160214949,0.359469658,2.355935667,58.49830119,3.648185575,0.933420497,28.65148411,0,14.74136424,1028.318336,0.280295544,294.9687627,9.162651953,5.030258994,43.43386111,4.941995613,1
2022.752294,4.640719587,9.266855121,308.1004249,11.65268933,3.68323557,0,6.224294491,0.219168019,0.621013357,6.289568511,429.5781418,3.557200335,0.511689944,2.973827463,69.12524619,1.299283093,5.271774468,5.227172382,0,43.33415114,0,0.896948262,457.8641625,15.66678412,2.954462411,28.82318796,19.03190369,1
2947.92532,5.734489586,0.466713412,97.54476272,10.79312511,1.790753866,1.249873836,2.947705276,0.796333637,1.317618498,11.08676956,478.0013568,0.536358145,3.164324718,1.740475367,61.58231863,5.942260049,0.193383729,221.0258612,0.532216723,17.37854743,98.93630834,2.552337201,159.23223,0.425113303,5.496726818,35.7161911,3.924293832,0
3267.872778,0.415631618,30.33595256,7.112800094,3.295850066,3.88203953,3.305164236,3.104102148,2.715698495,136.4295668,49.42204328,599.503434,1.111188147,0.391897246,1.563182995,50.56532807,2.848264934,1.025533167,113.8420929,5.966570359,29.6528181,110.6070586,0.458747428,48.96465389,75.19517017,11.48937279,51.67159714,7.259679779,1
834.5566571,3.742181499,16.39376622,159.8436132,4.720847923,3.779277916,0.134128826,4.962314119,0,15.00345456,5.361005549,346.7122325,0.741122136,1.209359099,3.825999321,44.61293152,0.511246301,0.944980388,8.837824837,0.903838714,52.64027914,39.20447522,0.56598101,519.0212177,2.578666733,2.134043961,30.28728027,6.887512398,1
879.4215392,8.488957401,13.74865193,71.49766809,5.5020605,4.308769792,1.287555887,9.179298101,1.201292643,12.76753611,9.508824124,615.2227785,1.21962391,0.574005704,4.449048171,72.67105716,4.303084094,1.267410061,36.8632701,0.587174767,33.15334361,150.3359117,1.245767512,164.8403803,126.3907647,2.188379278,31.9537967,7.486944706,0
629.5666299,1.987215846,6.763017003,95.7462046,11.58692646,2.50461638,0,10.51957459,0,22.0840775,14.21976505,368.039918,1.741690318,0.224663548,2.194030155,85.21653241,2.090794708,1.453153041,1.537566473,0,42.21136627,18.50479536,0.788009213,364.5944594,47.03873216,7.542104609,38.03746868,8.722987929,1
2.332191982,21.07923002,39.32602287,121.2163887,7.755961569,2.201379193,0.530827424,2.04307138,0,8.14578381,2.033853032,1065.043233,2.706301577,0.160972717,1.872501273,78.76684009,1.63944481,0.414791649,0.438718508,0,99.1551987,4.459525043,0.376245887,38.86244703,0.259387074,2.147762522,32.11018792,6.723268423,0
345.7977559,5.142746383,6.176777861,12.0655233,10.52204422,4.957043388,0.190956875,9.186765172,0.295582569,61.95944156,27.3487449,595.2535266,1.144479121,0.197209739,1.17357686,81.59074956,2.420282125,1.286473194,7.901341999,2.220717066,36.09874881,39.65020559,0.346170079,171.5859175,88.84126201,6.099207215,39.82287347,9.096137991,1
794.823097,3.408562566,7.922602446,70.73184847,8.213630416,2.835736895,1.639971188,6.502294469,1.078734679,3.99162765,3.956825721,492.455737,1.998694562,0.251079032,4.789866736,75.10255453,2.696030228,2.778753363,16.264223,1.740476554,35.1570964,88.67211434,1.758881139,189.6569499,11.81330873,8.010543401,28.45912956,8.508602602,1
1662.289852,25.96276158,11.26071815,137.1851839,5.220387613,2.270003649,0.469392911,3.72008885,0,7.18380568,19.32684352,543.3437268,0.596554612,0.539578438,7.329849895,63.66511693,1.954968749,1.205870206,3.617755891,0.578621436,16.81196498,15.86790791,0.631376423,404.2936343,13.7053039,4.099050998,42.77917959,6.607687481,0
340.9365142,4.704927828,0,107.4689169,7.00059231,0.875942818,0.666608937,6.864111834,0.604573708,0.963024366,12.12511777,590.3525309,0.482962637,0.776197432,1.760654709,65.43414058,4.311730647,0.578812265,144.961275,0.835591755,37.95545211,372.9428654,1.816697513,215.9468063,26.31373111,6.518256789,41.16794289,3.331768684,1
1723.798499,1.307919501,1.392313626,3.114698382,5.804805456,0.942724302,0.421898411,4.280065328,0.259739924,3.745258048,56.32298798,932.5133991,0.581438091,0.246924083,0.338093084,67.56399732,8.619262829,2.188158861,102.3699607,0,28.27420292,1260.593691,1.351108525,100.1339214,0.792770094,6.066916719,57.32544463,3.301016504,1
178.5777378,3.939580155,15.74489555,154.6972788,7.609941143,4.844011171,0.255200561,6.908933501,1.621711427,3.332518856,4.44963175,429.8575133,2.373226525,0.395712249,9.929741696,78.86986381,1.088736999,0.508597104,18.01673056,1.405788102,20.26523727,43.17193178,2.542838167,193.2916573,6.298582487,2.89588418,30.20614037,4.778954054,1
760.3133449,13.37542565,33.80306479,60.51649404,5.148481178,0.069214588,1.813038473,3.864494825,0.30074961,1.156691648,27.16397752,478.7326398,0.80789564,0.67461439,1.911374327,48.72177042,2.365371614,1.759993778,53.51498512,1.451301566,36.63214525,176.8365468,1.691649625,157.4608736,24.85993435,6.158587263,36.63230551,4.437515108,1
327.8307644,12.38049872,2.731906533,228.0005792,1.258001726,0.628944648,1.858504042,3.179498447,1.287102114,16.81275633,19.34382025,632.7170011,0.235345549,1.312550245,8.031331423,60.74947165,9.558783448,0.946869504,130.0896288,1.078904053,14.37254281,1204.307883,0.76760482,214.4119738,0.939101423,5.114235256,35.69492349,0.531050227,0
3306.477222,7.292705479,0.224464337,250.6878742,5.723264028,0,1.606965978,0.917686776,1.409195898,0.415844717,98.55716495,490.5489342,0.420787511,1.084479675,4.20215576,39.09547462,0.917901011,1.396670531,215.9639591,0,20.34815972,1588.573701,2.281206036,189.4745852,0.08737944,3.840481773,34.95358687,2.280485297,0
1271.190483,6.605557513,22.01922787,188.9628303,2.209875266,2.952651316,0.172945786,3.010097227,0.018203883,12.69979894,5.346800199,448.2074793,0.865407697,0,0.33726244,38.47121612,1.064458517,3.529433242,0.233735602,0.649584341,13.30464991,17.25547339,0.196728382,177.1537161,64.21210023,11.48573462,31.04021149,1.523419536,1
573.253154,5.747021657,50.98902358,175.9214072,7.417316695,3.703347908,1.516201104,1.472063477,0.636777127,0.942423034,2.198942239,421.1515197,0.867453944,0.149444756,19.53588184,72.80138885,0.505367607,0.779206814,27.0208988,0,53.53468857,268.2656968,3.497351343,490.6942151,2.645143074,2.445338515,50.10620147,11.09655597,1
1330.651015,7.243730638,0.709260537,247.8313969,4.319762467,0.181879359,0.535947331,2.567607247,0.192822254,0.781187399,25.03848863,646.0563001,0.435337202,1.267809785,1.698549863,40.71533262,11.49551976,0.222084541,26.1219002,0.654861919,12.95950288,2565.153845,1.187770715,255.2484175,1.698382289,3.578631516,43.92560172,3.024282452,0
730.9999431,6.67868422,15.61693927,165.0819858,2.656861654,1.197440919,0.144955041,3.139431091,0,1.39758433,5.712131076,1201.15213,0.126464247,1.079622027,5.884410597,76.68498474,0.996502569,2.056939225,0.817129757,0,24.68186358,8.738567639,1.149027386,124.2318056,59.18754592,10.52367632,28.88977278,5.641194218,1
151.4417516,16.35963834,16.40001331,64.40015213,7.910206985,5.45934527,0,8.489325963,0,5.458652131,14.05794471,508.5045133,1.391241217,1.88016648,2.2787722,72.39356575,2.224671813,2.229335691,4.725910546,5.154484543,24.35615945,40.96159604,0.440496049,131.7050608,32.61473248,5.318649348,40.33143694,4.721750776,1
470.69247,2.400138722,31.60175936,86.44698739,5.730349871,0.942912362,0.906355924,19.39992273,0.122599555,5.09263795,9.678341753,839.7846589,0.846369317,0.350496135,0,54.45854276,2.965715778,0.690188509,1.950147418,0,43.15162857,15.0464136,0.923462957,328.4474011,5.21227694,10.41729282,47.0217953,18.54656609,1
77.09260332,7.582278545,41.44668681,214.0369003,12.06815321,1.375710048,2.703676715,10.11089765,1.681296795,1.137727299,19.00507776,377.0815264,1.61269217,2.64683715,1.092986996,70.10431356,2.468154315,1.67255051,15.69213415,0,21.98128724,167.348628,3.953217178,155.3919026,3.522871107,7.317936285,45.09374284,8.931911386,1
68.31087447,6.304328087,0.753259475,190.9629138,12.62904153,0.324206584,2.648389091,9.394354319,1.542320626,2.056890438,74.91092278,647.8605775,1.397332142,0.992930207,4.287539742,62.51738259,7.255241469,0.940919094,112.8261431,2.70353891,23.30435743,921.7094154,0.739322491,247.5241706,0.435757267,4.154614539,39.94690257,6.571122939,0
2954.863212,8.198412559,1.656614946,56.55690142,3.858055164,0.84968561,2.921442132,13.95263831,2.445664163,24.03484728,62.08416148,539.9289129,0.699108985,0.789699262,0.793380519,69.03781147,5.420361682,0.778061523,118.7234251,2.293490131,25.41954481,446.9276955,3.814789776,84.99492717,0.079342975,3.071764698,41.89844625,4.98773349,0
77.76157598,2.747611974,68.40362093,43.06739835,8.1818469,4.880452894,7.362444519,7.990013827,3.337984983,0.639562457,99.43628318,326.9490403,1.126537933,4.372508283,3.113242448,76.24209088,0.820989185,1.019299469,27.80753746,1.494059429,52.77314659,15.92662683,2.502890363,325.4351273,0.937416013,13.78763057,38.73579182,5.667097394,0
310.9695505,4.162852791,23.03237589,15.55174325,8.294942526,2.209300116,0.16353438,8.117172679,0.137120498,39.32268831,8.049633788,622.0999159,1.982857254,0.362475364,2.192968346,83.69572701,3.373160783,2.624124686,1.011332434,0,24.55773192,42.97616958,0.636860411,135.3720325,131.7319399,12.4741868,40.16604379,5.59651578,1
1551.224087,10.55202751,79.04530151,119.8793906,1.972346118,9.541792962,0.081856979,3.208878019,0.168145761,2.952034268,13.651664,499.053883,0.233067236,0.723717164,3.623923917,65.70886453,3.668882791,0.237279338,13.82646307,0,16.66124823,42.03870851,1.588829613,167.882883,82.54688127,6.325698775,37.9244135,0.533347626,0
1909.923391,15.70439913,10.43457055,203.9997737,10.60500378,0.674771432,3.027352531,6.771428071,1.359199067,5.912886865,15.85367524,366.201789,0.726887279,0.282075338,1.503760437,100.8132551,1.747928482,1.970892479,11.48342343,0,62.74572912,65.27150902,1.981416328,275.1018534,0.378002487,4.656522251,45.03319702,3.516861397,1
731.9285755,11.74800484,2.227315086,77.40957316,5.182328463,0.418020284,3.192852958,6.031410285,0.736723529,1.426957049,22.94050027,471.2922269,0.375333494,1.746049892,8.075723231,47.64922813,16.56472601,0.505993374,28.12926094,0.728971989,8.545068713,1947.441009,1.816153319,203.3970048,0.156076388,3.422037089,54.26271321,2.540251964,0
2706.758,0.935185897,9.394208529,134.5993008,12.06575796,5.001352096,1.088959135,6.144887122,1.417206507,23.32515071,15.17164345,460.3117707,0.795760316,0.793489223,0.700744015,58.46543211,2.391279137,0,5.120698382,0.666005565,23.85324201,8.259014948,0.825462567,166.7852193,197.079135,12.70648483,35.85561028,4.008823829,1
43.19509926,0.507724648,86.78788286,1.232871018,2.592773685,1.099896305,1.204744283,35.57549515,0.794838339,0.312921765,26.73102785,535.1592543,3.579798477,1.435959825,0.380251675,45.9011372,3.47955456,0.24994488,62.20281585,0.722360802,17.4202353,47.62534096,0.896269183,109.0014527,60.37175421,14.77639752,37.12996242,7.389833154,1
381.5897787,5.187165145,17.36654882,95.0090117,12.22060803,1.004844181,1.527066645,10.85470384,1.363759917,1.588482594,13.85662296,366.9684509,0.257683627,0.934061446,7.520823047,60.32357997,6.20301549,2.281043691,32.35490022,3.112940386,31.99990312,683.6681044,2.891201746,253.8471229,0.428966408,7.485650109,51.12170761,7.701819682,0
1597.860954,19.28651834,2.689417762,65.75683848,18.07322295,0.19835627,1.206784395,7.752922794,0.973557651,3.074284826,4.880763733,438.4470537,1.543566524,0.184104516,2.1881478,78.66843512,8.33227264,1.67997293,9.910779585,0.691235665,25.93658372,1077.595277,2.800522746,163.1872345,0.222176633,6.071900824,40.75626898,12.83774466,0
358.1540385,5.32789348,2.763273265,126.3596548,4.874661027,1.960343462,0.176773474,5.635121584,0.316325392,0.672856076,8.159896285,746.1048855,0.242720385,0.471039042,5.659054291,70.06598193,2.239143575,0.247053944,16.48974283,0.723925709,9.414978723,309.4667275,2.316355482,470.2051711,39.76321553,2.356217823,53.79654806,3.726951887,0
258.4075262,13.88792397,0.995572063,54.22586328,5.899230153,0.746885991,3.255100189,7.115822838,2.782695943,0.680232797,16.7213724,654.8218968,0.792167663,2.273056935,6.891912324,67.31751861,8.56606986,1.997143576,32.54761025,1.485867914,27.94050646,1345.418554,1.664263945,125.8761541,0.228290887,5.647429211,50.86659801,5.941279475,0
1193.777505,5.540412814,2.405523186,127.7578799,5.100383622,1.013803617,0.445155572,6.738116498,0.128265004,14.61434466,8.772575361,586.188419,0.511899472,0.264924637,7.782631044,71.77103063,2.089162809,0.694880216,2.454018612,0.678646957,28.89593232,221.8544619,2.274738956,370.1910516,9.513298296,11.13282427,41.44961165,9.983019221,0
2764.194208,19.00657985,53.5809491,25.6687565,5.711060173,0.757157976,4.048326083,5.284897856,5.333100646,1.604321433,88.00479783,401.1164873,0.679915905,4.636497621,2.49503298,58.5589721,13.56363875,6.03146156,93.45601947,0,60.78950846,1271.107048,4.437876863,456.6832495,1.526380456,5.06805592,49.73048134,3.255102036,1
794.5069405,13.6434914,36.35356044,83.70089036,3.371743702,11.97961673,0.440355866,3.221632023,1.33E-183,5.580724141,12.51878892,794.057019,2.247657645,0.497831328,0.985394804,88.39523838,5.265624893,0,10.99049826,5.574720617,32.91819068,17.14393736,0.582502827,131.9521537,7.81047271,26.98566432,37.17045389,0.980386922,1
3549.401705,3.139613861,26.25872418,21.51991521,0.95458848,2.369128179,3.032743757,14.70003449,1.44796361,2.764229356,42.22704905,532.6757577,1.254623861,2.113690943,1.001596941,53.74133433,3.434775204,2.420518446,68.25734641,0,56.57592416,1906.100158,4.945645194,260.2603394,0,10.20806438,44.26652059,11.70342116,0
2.099252237,2.812672487,19.67157585,2.963143014,9.245317804,3.485556237,4.011869571,5.069623637,1.335770449,0.598211161,12.53136586,229.0975262,0.269714354,0.502612439,1.680640917,80.87409714,4.529354707,1.099624571,7.689810096,4.513906376,27.23889174,11.84222902,0.588550535,329.5412668,209.4799521,5.855816048,59.0666031,8.867140784,1
1657.15438,0.497321035,49.65916711,162.7788348,7.89312783,2.692628701,3.492087582,5.742214324,1.078392126,2.298878,7.786377138,807.0212172,1.389915391,1.125453485,2.621009867,63.92185961,3.170260087,0.491105224,14.56617819,0,26.82615804,120.9637321,0.768544533,172.1768736,186.806895,15.99699008,39.44611441,4.502653814,1
431.2808581,2.984078322,14.12827317,22.72392741,5.434960046,0.761702902,1.970289538,15.52686084,1.191966573,2.157510626,8.359712447,437.509237,0.435154812,0.096469272,8.081857465,74.80018492,2.776800075,2.777077272,3.476434693,1.470183983,40.61765234,108.615807,1.129258308,242.4016921,4.266735319,9.016626984,50.40031557,9.65980353,1
245.9605341,0.444401904,6.864078762,73.427798,14.21921857,0.412901545,0.179369286,4.145875257,0.004094097,7.856529966,5.817725953,552.0063175,0.509907465,0,0.281393265,59.55543825,1.275119357,1.302525216,3.544548601,2.108421224,42.50551118,3.766486113,0.251832611,553.1285255,4.565633323,9.449831427,61.72624388,7.721065596,0
51.69864305,2.107143329,1.523444069,215.7934417,2.691794008,5.732403467,0.597537816,3.549994264,2.44E-85,27.70144459,3.807460988,780.8761861,0.236716034,0.091633782,3.230398807,33.33422091,0.465082366,0,0.502524468,5.36906043,11.21280432,8.078202208,0,219.9308115,99.74753578,20.5612103,47.23522652,7.517242575,1
1089.112605,3.943836716,25.21984728,76.87483968,4.8882513,0.471923293,0.691241207,1.771371623,0.183488686,0.62739444,30.02644597,379.2040235,0.211319546,3.318303228,0.735288957,50.14828845,0.836952743,2.295072941,257.3963929,7.246552787,29.0893053,484.8093439,2.148657735,336.8183937,0.265109701,6.795176702,48.58326929,7.552497782,0
157.8264498,1.53878813,6.20507953,163.7024888,14.06806696,0.455337472,0.490458812,2.980101196,0,0.655045516,8.708470873,353.5897214,2.403612648,1.106487207,0,21.60483698,2.007364455,1.218210848,107.557456,6.16636333,129.1025962,542.2188517,0.831014016,127.5502923,3.057660958,16.80697328,57.95959092,16.62705694,1
695.8469934,2.707144189,32.06522929,82.93066101,5.279425612,3.338406155,0.21963911,3.298716337,0.082395683,19.0291193,10.13092724,353.1380219,0.38040499,0.341825049,3.070300952,42.28694663,1.00522631,2.380704772,2.791156263,0,21.20435284,28.47160397,0.604068667,415.406204,29.26629437,12.85801947,39.15378506,11.71870507,1
1263.630881,4.563628255,1.586261034,120.6095901,1.782090144,0.1003457,0.385935824,1.88997434,0,1.203828108,23.02644164,590.4791796,0.225381871,1.74240246,5.126198329,20.62783041,5.376029289,0.358852113,459.0281652,0.996593063,15.04412766,1966.937899,3.013399846,443.8129659,0.33695758,6.9405637,44.90180495,7.341818906,0
509.5891068,2.330447386,8.519009974,77.45124208,5.607675724,0,0.605807425,2.930354728,0.321817563,1.123028211,3.619246544,547.7917037,0.662453593,2.12335178,3.637929851,52.84369238,1.141195878,1.186545651,6.827178543,0.503323667,69.94618069,419.2562346,1.356709957,134.8088885,0.930631722,11.9712449,29.07642066,7.138946219,0
90.48544804,3.225827376,2.891213151,133.4551383,8.128445627,0.949144124,0.786141487,4.770436833,0,0.979622035,18.05502142,519.3641475,0.752371663,0.698153279,1.805357465,60.05554813,1.641337196,0.799695868,8.669857299,4.454787618,26.53089339,269.7304916,1.269212189,569.6917962,6.374773941,6.965986294,72.10844375,7.430411847,1
469.6948257,3.802518417,12.75136359,61.58807221,5.336269646,2.208513239,0.592025604,10.33984886,0.176060925,13.0021687,4.615077967,694.3014993,0.929900283,0.263202188,2.399762482,72.54253324,1.558713866,2.497313306,7.44682344,0.639083343,35.37129645,108.4605814,0.307733562,203.2557612,48.88294328,11.73557838,60.32247598,8.332092929,1
504.7581114,2.899949492,33.36056698,54.06498073,8.797979734,8.994004247,1.167674818,3.129576268,0.674330798,2.265114276,4.018198344,410.4313349,3.002441293,0.614536609,5.559186981,64.93415649,2.199621019,2.463021231,25.12036939,3.428593479,34.94244196,51.77002191,1.03736937,254.705244,96.7703998,3.714370696,56.23313975,9.733147533,1
2.285061896,0.683721185,18.21608049,25.86216427,2.593386829,0.433494917,0,0.394871079,0,40.52717363,4.428853302,1158.697673,0.445489584,0.342947564,3.208718784,12.05136613,0.290818921,0.433281503,15.55291736,2.855401511,38.559174,93.24299226,0.299958153,1488.317037,0,18.10555185,58.60080095,3.353850777,1
716.8085131,2.747381531,5.340216218,145.9906398,11.02191233,1.354831219,0.940957347,4.630510627,0.245494672,22.50549167,7.801991271,398.9487048,1.574064954,0.111017276,4.424441009,61.26416993,0.939040438,0.871121955,15.99313235,0,18.72869733,304.0089261,0.259896001,208.286664,47.67655115,4.820431877,73.26609558,1.298672256,1
891.7439406,4.185292218,43.21784418,93.85604109,3.392882858,9.729144473,1.792367232,1.723997217,1.03337391,0.908087687,9.96847084,398.8329195,0,1.019807816,10.41909873,60.16347729,0.432126485,0.570635306,29.0070214,1.101096953,15.80484267,524.7453938,0.511498812,158.7138057,0.23437459,12.65795779,53.46844119,5.810272656,1
22.44684744,0.690131734,0.324818744,49.61142437,18.50567635,0.897546474,0.134437898,8.061098287,0.216114843,1.403566881,6.197711572,415.145726,0.151135942,0.546297335,4.295721793,55.07537012,0.726041071,1.013150807,42.46556136,1.727753118,23.59797544,428.313671,0.456396007,197.9389973,0.56537323,4.554955454,65.97229765,7.507323023,1
100.6534951,3.926556694,23.06813549,124.8195241,1.282242818,0.195697948,0.453316587,1.659263648,0.176901465,0.111723832,8.167018159,430.291401,0.219335759,1.986101831,2.878405469,19.71906457,6.927049346,0.737202984,111.1848371,0.586574365,15.90607666,1356.958751,2.010067862,694.0745306,0.054891135,4.925995866,40.5471146,2.571040887,0
19.21840113,0.161730278,1.710415999,1.533288582,15.90212702,1.31485157,0.161985954,11.55676074,0,0.817420328,6.587424151,576.7589563,1.417108575,0,1.43321926,59.07576297,0.696079898,3.791593352,22.06877537,9.378193408,42.09109571,101.9373761,0.320762665,99.45722601,29.66645723,6.229328356,58.13668225,10.89083221,1
3027.867682,1.630145699,1.386709413,44.74609103,3.496358749,1.430243134,0.84063552,1.443841354,0.386403352,8.52103239,19.30094703,608.4103136,0.14268173,0.885193556,4.980005717,44.07950849,0.998415498,0,55.87852084,5.559069967,10.35111526,46.0185362,0.77694789,295.2603478,104.8494275,6.862044193,39.49726519,1.127948603,0
5.161297369,0.50312419,30.54598025,4.807971763,5.993298578,4.443292951,0.202045486,1.466976195,0,1.156205202,3.334723073,1038.522081,1.512969719,0,5.689661846,55.96891228,0.722472878,0.186450086,7.900676103,0,27.86139872,266.2020871,1.33303998,357.4864503,0.629425916,11.04578726,56.03944036,7.118888104,1
1146.875739,2.161929795,2.850284012,54.1769173,2.532333794,1.318715454,0.39358773,0.924460404,0.493208079,28.73820218,8.350039511,584.685162,0.148073857,0.458217761,5.649167504,41.17227419,0.775471838,0.986109834,23.15925035,0.552661037,44.62187816,23.3243253,2.053242387,193.2963091,15.37832361,1.919033063,43.89082461,6.133537512,0
173.9463555,5.77167381,1.400221471,16.04505641,14.07120374,0.728333265,0.757819264,10.4452896,0.514619425,5.042278382,78.39224418,703.5003434,0.363462563,1.124933544,2.631414195,46.912586,10.66048524,1.744388021,178.4010842,3.263739958,17.66401429,1138.207294,0.263016966,108.9603576,0,3.172150748,51.28188034,7.155208737,0
2.726891646,0.824619865,23.31581178,217.5343509,5.265503153,1.116949068,0.217309754,7.767301053,0,15.7277881,19.85273526,795.9579738,1.003021159,0.388591618,4.597128296,67.21545817,0.920067761,2.021212212,11.55423077,2.305837205,42.75266487,191.8587808,0.363663908,236.0191025,0.375274433,10.34013994,34.54052672,4.805178973,1
121.6081603,2.743480256,7.758697646,81.97967519,13.31886775,0,0.373679786,10.21726746,0,1.022373175,21.58914091,488.419481,0,0.245273809,4.667114905,35.82088644,5.380602769,1.298961259,18.82551678,1.306462243,26.02854925,353.1384615,0.287469408,335.803644,2.823109197,3.786528543,58.78619896,5.531634016,0
286.8167782,0.297772247,1.86058216,29.76839989,3.213196731,0.080728888,2.317605419,1.030149208,0,36.46046487,24.57110586,793.0742638,0.580155092,0.89757264,3.928101198,17.51036462,2.468502796,0.579254953,316.8023753,0,88.49117811,694.9869569,0.918018029,740.0702158,4.247630341,4.83367007,66.65885971,4.062587166,0
956.2678641,8.906307689,15.51897114,89.02776512,3.697426625,0,0.789495694,4.03968073,0.308044723,2.156631893,13.23081932,855.5031413,0,1.342939491,3.969827104,29.24142759,4.759653888,2.701810497,209.7868007,0,27.78775099,352.1299767,2.326871235,506.9023872,1.753191527,5.989523315,55.7419616,0,1
645.3187122,4.692699212,15.06596575,86.7099748,4.094810312,0.566266632,1.35631307,6.935817937,1.425780369,10.51864358,22.72539873,559.6989012,0.831685756,0.933105333,2.022335206,51.9617326,4.486698573,2.076209764,77.40787426,1.115757702,25.65942358,468.9455597,1.260963229,143.5903911,3.749667643,4.905316768,60.06992889,8.311384829,1
1812.596004,2.450690062,0.991592217,38.29584553,4.882315766,0.097077628,1.727259517,3.114675974,0.115216028,8.595465332,30.86802424,492.2951971,0.392152749,0.270556297,0.811741145,22.2604997,11.54501329,1.240926478,244.8964805,1.037564728,15.63127088,1351.071603,1.346228675,269.5840503,0.054383061,2.486218449,64.34795993,3.265886916,0
8.540958079,1.165896314,1.379800031,0.990556642,4.514863221,4.103376713,0,6.961118327,0,9.536091651,11.9204572,237.4297369,1.416852612,0,0.292258223,44.04182477,1.240463679,2.876342987,40.82555496,1.115854326,54.91398375,279.6261818,0.772086888,32.26405969,7.249157016,8.235316563,51.84257818,12.64580673,1
204.4707257,2.423807914,3.367340212,55.97975236,3.218665037,0.527965054,0.944955635,8.327759655,0.858972328,12.80594093,15.72388643,535.9354414,1.033972769,0.53525165,12.35623881,56.17455247,0.679417744,1.405574125,15.26566995,0.517050517,26.41074917,377.7312706,0.705134146,506.0811211,75.7779688,4.369505391,58.59670238,7.856817071,0
712.9578768,1.308462031,1.473270814,34.94570321,16.75663943,0,0.69702357,10.99321999,0.040068765,2.063613062,8.077230127,543.6194869,1.317783788,0.352459942,0.280414993,40.23232181,1.073109967,2.578668371,19.8975021,0,58.77194575,685.2766739,1.155048753,139.9280929,0.283488984,12.24696862,54.54725419,11.7725776,1
801.1025696,9.668988675,22.77767557,213.7423119,2.959284277,2.876209511,0,2.393066483,0.176500753,8.803357977,1.195820846,689.7388773,0.368981449,0.214414095,0.281725263,46.06344222,0.545249452,0.557476484,16.3270761,1.593116602,41.80907045,3.34775078,0.083605821,685.6953706,15.70302145,4.462282474,50.96152427,4.98481708,0
606.7021675,8.808747966,25.65219803,117.3411887,11.04618834,1.757986914,1.10349743,2.745972187,0.347134298,7.311678181,12.81988606,668.021226,0.598596655,0.168948644,3.041105371,69.57958198,1.713097763,0.442788563,63.56111334,0.647223022,19.07324028,191.4475398,0.494499802,374.9558341,78.51443839,4.269445761,28.67433657,4.046652851,0
3291.64756,27.2830787,0.301536496,159.6466938,0.438540583,0,1.663277627,1.845697837,0.881762553,0.828961799,51.97062577,507.3282493,0.047013378,2.109312026,2.829518453,39.23755001,7.93989922,0.375508393,22.04659276,0.525379282,7.918105208,3092.858137,7.311607424,307.6664902,0.117177528,3.357446616,33.01801909,1.633107798,0
2965.692483,2.311105878,28.60915497,58.57447612,0.442261564,4.156394292,0,5.779677436,0,39.34673762,9.552783905,446.6645752,0.215820717,0.253981489,3.352573398,45.53599782,1.06802103,0.233359491,0.74535527,3.225974321,5.098975819,36.9209104,0.69744013,130.7827074,85.19185209,14.73548187,34.05877137,0.740669257,1
376.4609791,25.71251447,60.07708509,17.38866485,4.386630788,1.093815736,4.012878475,7.918204521,1.489523438,0.656306669,49.86899682,867.9782525,0.873246526,1.014168387,1.324768072,28.95337727,3.002552973,1.533281833,60.50036458,0,33.18681965,512.5326079,1.778932851,184.73546,5.137741237,10.52012707,42.34536564,9.54070591,1
262.3833496,5.759639675,2.274760024,6.451702723,7.010113115,0.225318424,0.563834834,20.59700052,0.655864092,2.681094757,2.947296195,468.6747474,0.605617802,0.210897351,1.375156187,44.36289314,2.750787879,2.0219178,0.614661643,0.97456576,118.4997324,4.594445531,3.59660781,36.12457181,0.84342015,22.5312646,38.53540868,20.01448393,1
3226.279457,16.36047906,98.01392516,148.9294098,1.316616209,0.104743198,2.327267745,0.923462077,0.816687658,0.282817045,131.5671173,570.0472958,0.282236744,1.456469806,3.417945159,62.55865685,9.801250697,0.377081728,796.6251562,0,14.08069028,66.13846143,3.235669734,916.4937277,8.502618329,30.52475421,45.68775979,3.450405272,0
1280.214159,6.373612175,7.342539294,264.1219445,11.06871089,5.689706564,0,5.474079178,0,21.32226068,4.465390153,375.4666657,0.638771411,0,2.768750867,56.28024044,1.67339693,2.563568124,1.550245287,0,81.70751617,3.266449615,0.660959676,205.4778998,11.83173877,7.9623014,22.81020083,7.776194387,1
13.42781069,9.058576529,18.03909199,383.4546557,1.742256004,6.906764609,0.428357679,2.583222253,0.83571162,0.927841769,5.664069794,426.6787827,0.34078956,1.373006256,6.660157845,56.12698899,1.699062357,1.92211118,0.581343792,1.566947246,42.05132417,3.574415208,6.547978566,581.5244601,0.085000253,2.648480557,22.60239729,11.38133581,0
908.681632,6.775747047,2.976150761,2.009458031,5.337578091,0.611293535,0.654294214,3.060291537,0.407145637,1.798703458,27.3903115,240.8476755,1.2803488,0.662671041,0,69.35622964,3.91918025,1.73872916,196.3232699,0,57.84392479,123.0537469,2.327782582,428.586225,0.228312026,6.570555857,38.79631296,5.488008314,0
2251.740923,5.454696917,1.080424446,3.969013002,1.09546525,0.061496187,2.258906246,1.927457315,2.199215371,1.164800588,29.21148779,440.8096251,0.220777406,0.857538294,0.345555681,46.15340159,1.593524096,2.707652875,347.6942859,2.673365821,19.46007143,1375.38649,1.707474851,168.3450199,6.615835793,1.836527932,39.26840721,0.645307984,0
3491.961697,3.133979162,1.808346116,145.0770136,3.603042782,6.73982007,1.173502153,2.399889915,0.652661232,7.472269348,19.61951993,344.6301694,0.926002114,0.86271982,0.768753307,64.03126869,2.348646595,1.509330308,3.464870843,0,34.66647755,9.129016001,0.673455919,455.3678227,36.06385156,8.364985069,29.69412843,5.610833481,0
0.719566118,2.827018909,29.60278363,2.433078934,2.186994798,3.478940961,0,9.375107571,0,4.901198479,19.52727689,228.9851588,0.437253222,0.193857911,2.318977853,50.34262475,1.556413588,1.52159025,1.61169136,0,39.26487946,58.29549519,0.567304176,230.8431228,20.65651337,5.248043064,45.64136176,2.221875083,1
1432.223431,11.41634894,2.904485991,91.47011745,1.721809669,1.643415846,0.085934722,2.943569939,0.068359736,7.530304193,12.44127302,520.3865911,0.526953841,0.081746469,0.975584043,64.89001762,2.003724806,0.854413363,1.583571301,0,7.836687316,43.35429379,0.478379855,612.6612025,21.69740559,1.754382661,37.68183643,2.869535559,0
1147.132637,6.798296735,14.76927558,77.60106184,2.34125103,8.938034344,2.566461779,2.124314942,0.816782937,7.003469154,7.499075317,546.3687403,0.353978524,0.366332618,7.694126573,46.22980778,2.708487666,1.440256668,3.051608125,0.7021073,26.45524237,66.449713,0.536117864,302.7080228,22.97383063,4.955912983,26.48441507,9.53050139,0
412.7607073,1.903004226,36.45826066,68.87127369,7.178889633,7.531076395,0.249341002,5.01937066,0,4.780973033,3.836070362,364.360118,0.664212121,0.093576197,1.845436668,63.14167651,1.89907241,2.433831866,19.58139146,3.478820933,39.72931784,58.53209594,0.109467698,1060.182035,78.01804653,19.4885036,43.43727973,5.424569497,1
2710.470905,7.503010097,12.51906725,103.2082182,5.136831271,0,0.413650256,5.882183211,0.212037348,7.395932492,8.890837788,750.2350409,0.535426326,1.383839968,2.195237031,53.37345487,1.637774983,1.203324854,2.548445547,0.693786266,32.82762008,546.9671838,3.13076343,187.2872867,1.039046709,10.89510623,27.19160963,5.315187401,0
735.7547352,2.896384364,10.02506502,153.4941174,9.230246809,8.70077641,0.546795016,3.317887914,0.149626912,0.334555567,17.10002325,587.6499317,0.786118148,0.761989365,3.327000769,44.8500628,2.321037608,2.386413876,0.210593941,0,22.31984813,43.74273675,0.980889688,152.9522731,0.551670551,13.47689322,45.49164676,3.6748277,0
109.6369135,7.258417139,7.66405058,143.1726773,5.7043918,0.488632131,2.503786139,2.546933932,1.583168697,2.183724877,14.86985782,417.1516661,1.125338794,1.66838581,6.503871199,49.46000028,2.805765145,2.16870372,27.42484405,2.832205226,49.41619014,723.833263,4.505391212,261.3008778,0.31368547,10.36132264,33.71002086,11.47185591,0
1776.079318,19.53028801,0.156754981,289.3032689,1.85906165,0.376377487,5.497431297,2.772929817,1.323261203,2.049603746,19.85854789,521.0767774,0.193078184,2.097489242,4.484928105,60.76056653,9.305831197,0.196093584,200.2382907,1.714860123,11.76562517,253.8794783,0.701532993,282.0136239,0.36142906,7.460116336,37.40662019,1.533766856,0
688.3465592,2.710526084,1.244366445,19.28522291,15.17509428,0.567956596,1.785029937,3.526579797,0.355210494,1.339659097,21.11533312,316.1049957,1.720639195,0.593707096,0,52.48863654,2.090058603,4.933189062,13.75466308,0,15.55150718,276.302794,0.695180089,134.8775719,0.795474697,4.14087956,46.03060563,5.447208946,0
561.2031596,2.734075378,0.404064721,10.95293393,6.835089624,3.40074822,0,5.314926534,0,13.8558416,27.50409879,271.4031404,0.721541233,0,4.230081409,54.2069825,3.589494868,1.515528107,86.4067859,0,38.28245665,389.8600413,3.507174254,263.0580781,3.187626376,6.42104339,72.19797638,3.606559977,1
3091.117295,11.98098164,3.43819682,173.6057732,2.756439568,2.433765732,0.363160789,0.91117874,0.121050134,2.638329318,3.086394948,874.4103811,3.24847167,0.457836742,2.174069442,44.22224157,1.086033007,0.238586589,4.799686717,0,15.64213804,44.27634013,0.428552524,222.1067066,206.7221183,2.294654647,32.50547894,6.323404615,1
171.8693785,16.05141782,10.15623777,12.56482374,8.358705234,3.079818162,2.969070645,8.022654637,0.703219422,6.653091558,17.31198442,584.9052357,0.526931157,0.407782373,3.183468176,46.32700416,2.846329505,2.636532601,13.38997142,3.705023777,75.75254578,32.10575807,0.119186633,94.62998668,2.627176079,16.25175662,39.15007636,6.635040968,1
520.0413207,2.98648617,7.790388252,13.88724366,6.110655606,3.083490387,0.488585313,7.968507189,0,3.567985476,5.731601154,601.4620268,0.471341689,0.091279051,2.154936778,41.46364246,1.312320105,2.133876928,4.517354472,22.27713038,36.52975036,21.45815852,0.320296831,143.3519795,36.14727021,4.205385556,47.58019548,4.509802927,0
2288.911909,10.71528423,19.3487469,208.3546553,6.055772152,4.170648051,0.576656593,5.285652655,0.804929094,3.156417018,13.3529942,374.9752064,2.246057875,0.581477651,5.345742264,58.73056242,0.632432706,1.091758078,10.41233896,1.289489603,33.31928911,57.4434321,1.167406732,266.477582,70.30334167,4.787839343,29.30441507,4.431913672,0
1467.759927,0,49.62647147,2.669461019,5.198902287,3.029459889,0,4.65809723,0,25.75625993,10.4402748,680.2672296,0.51580415,0.436592666,0.580452729,64.25062238,2.582771865,0.761628755,339.0324564,2.772181314,40.87568163,512.4137328,0.170354878,107.2980576,150.6787659,8.91978715,57.08027223,6.808794298,1
1385.918634,8.254263914,3.278793995,135.564147,6.141435144,0.186047797,1.757683685,3.006635532,0,0.574819206,17.75716238,553.9979772,0.584342854,0.519199605,9.478692653,46.10552204,7.137958481,0,30.8895933,3.078517544,20.42195376,1031.599332,0.60834857,188.9238276,0,3.636271618,49.49603128,3.899550197,0
807.7402255,5.404376568,22.43998444,28.69482294,0.423003372,0,1.477668054,0.483162628,0.398360706,2.280101767,18.38308741,430.2326306,0.271899382,0.491882143,0,6.708196756,1.366296111,0.732995264,5.04503891,5.284413673,29.87514108,760.7000641,2.384534631,90.44830706,0.734913212,4.598762842,44.62383429,4.394401847,0
1625.87413,8.294780186,10.35549088,109.1335766,3.771426411,0.928852744,0.577114233,6.358659706,0.389384519,3.82698247,21.48230481,602.7223813,0.937943621,0.404653499,5.527771366,45.68071448,2.25618635,0.850445602,8.56102021,2.505520355,33.55161119,133.7701376,1.421623015,313.5284792,33.43635471,6.647218442,45.00448015,1.00707156,0
759.3757703,5.966812411,1.6112678,96.68416962,1.305895461,0.692480003,2.51775838,1.620536127,1.256349997,6.511288977,14.69065626,465.083676,0.062174121,1.060731278,3.829013605,51.04574957,1.630250841,0.251725525,1.866016848,0.72709357,8.641974381,28.59567708,0.225700118,536.4258196,89.59235725,7.393302972,35.54888325,0.838904894,0
1807.838311,12.60657206,20.93584782,84.85501482,3.184493385,1.057256841,2.084900909,2.653766319,1.189962608,0.601520938,15.65404125,498.1778665,0.652634341,0.552029514,5.107954834,46.55803305,4.122197611,0.720002656,11.69045705,1.384066166,12.88646905,638.5604087,1.291957468,325.9757927,1.924415278,5.409270574,49.40889165,3.455996996,0
2858.169471,4.449923035,13.53806647,2.1819179,6.130479462,5.983415752,1.564314825,2.16723001,0.805027309,10.95620162,78.36682367,409.0603831,1.830376872,0.549036128,1.444164449,46.68441599,1.31539131,0.476092306,3.528060086,4.763195152,65.52427222,28.38646235,0.107048266,510.18971,5.522937034,11.33070146,53.28621228,6.86939486,1
2384.706237,12.23339548,8.941165835,172.1985042,1.01877991,0.069447816,2.49902657,3.741202416,1.647538978,4.199164459,50.12012573,772.7002271,0.124667033,0.677794601,3.506015478,54.34130353,4.089663416,0.254559809,66.90015346,2.254770795,4.61373897,544.4903358,1.587600824,424.7618283,2.41249292,6.420203354,41.57429676,3.114350584,0
25.41445829,8.748759481,22.14563905,107.5239319,1.9179417,1.040135009,0.19105838,3.415697706,0.137770078,4.503257657,25.02400563,1292.314817,0.219600535,0.512431515,1.043630871,72.47721515,3.532826111,1.130182899,1.198435644,0,28.27711762,168.4164518,0.500463166,148.7239369,0.205760206,23.21460003,48.63537071,10.5033503,1
156.8865544,7.740172876,9.187148845,181.5407913,3.823245672,2.077769941,1.895864973,5.939351515,0.968790106,1.10817087,17.92894313,524.3559699,1.091702325,1.483581564,0,44.22271772,9.00918773,1.670176334,152.3956304,3.827015996,22.3079067,405.8888506,1.07550048,305.9498695,4.145366862,6.523567205,53.04825838,7.633292921,0
2445.224193,21.08305853,6.684583846,50.1313001,2.968940492,3.791263403,4.473156909,2.151755307,1.187711167,0.424464459,41.14750465,754.486554,0.450396302,0.388625932,14.67713289,49.79270324,1.841563152,0.408381361,18.39119224,2.405813162,6.981942918,181.9666608,2.912673696,658.3570736,3.498582253,2.379103046,36.3256551,2.835871548,0
196.5252457,5.458882361,10.75512085,138.8628572,3.693333955,3.097682359,2.162391984,11.71648941,0.532612042,7.956739378,19.12476961,724.2805085,0.767099769,0.446550916,2.08413144,38.52710593,5.534093946,2.925999071,16.32555421,0.570455323,33.07653144,59.10294722,0.609946097,174.9551252,34.40740674,8.092904089,59.25234587,12.85304409,0
2236.644785,16.64482593,20.30915598,35.61249888,2.300956537,0.838377577,3.193266242,2.878174246,2.300322968,0.753191856,43.18389513,635.0699377,0.329287072,3.065837367,0.582189492,38.54090962,3.331267032,1.909917049,1236.671716,0,22.13701379,897.4976087,4.443220138,381.359094,0.410915881,8.090794687,29.83266446,6.245240396,0
277.0038042,18.97520666,18.7885395,30.64913812,2.282945939,1.608176699,0,3.609387094,0.030590455,0.901235937,9.541373656,746.8799959,0.186267383,0.289209814,6.664038057,52.95038754,2.993330987,0.569037147,2.612519198,1.112585926,18.27105702,276.890854,2.031797254,359.2166111,23.59906335,2.250952812,40.06612536,1.544536138,0
121.0669586,1.372115995,10.46607207,1.23530439,19.65186975,0.065589804,4.05955764,12.12198389,2.346594404,4.276463855,12.4874868,436.4824951,1.001257704,0.365155822,1.08157193,65.54620031,4.170228364,1.425637578,44.2730148,1.358832329,44.12742563,631.1137802,0.320400812,129.4210367,0,9.060294042,64.58491976,12.31859634,1
3.165032985,6.709421905,21.2005165,553.6805673,4.098397229,1.792373607,0.689248631,29.7393382,0.198713712,3.020243983,10.60862098,1226.487391,0.309361275,0.384540799,0.387587297,42.01299553,2.679580275,1.012104776,69.18598489,0.750147224,27.56862472,19.32808404,0.563011898,144.5620881,13.82866373,32.4977077,53.56946986,8.838387477,1
71.95635488,4.956036848,11.91412244,30.48614012,4.969041805,4.235855009,0,16.62905551,0.143804227,1.499795487,27.7778444,493.8754059,0.19651044,0.102107224,1.269941537,48.33872862,2.239169287,1.363965726,24.3207321,0,73.29407937,266.1710145,1.317623893,94.3536504,7.044084712,17.93318751,55.39136325,12.44511167,1
350.9598272,0.493772626,1.510991122,0.923629201,17.27175446,0.973213137,0,3.75675921,0.131270964,1.86363046,9.370306893,480.9162421,6.422145805,0.479128133,0,64.27057757,2.901568004,2.104958675,56.44962785,0.627325241,66.91741686,209.686478,0.561288223,198.1846176,21.55783854,4.639426683,61.89626382,7.65745656,1
4.52030688,1.431946337,5.053777303,15.13853136,13.10773769,0.145496626,0.179225493,1.237946308,0,1.199926785,2.523124464,233.3482376,0.130667452,0,3.181906989,24.66293398,0.685723524,0.262702272,26.97078338,3.73614028,27.99702842,81.53931735,0.71019651,247.7779973,8.309464521,6.477229128,88.98731926,9.89336451,1
728.3059338,4.238911655,7.576457883,30.82762077,12.96223949,0.198438498,0.776961177,3.092672516,0,0.856888553,3.291115558,537.156893,0.593583791,0.553767283,2.994925554,46.75314266,0.623451033,1.949671733,62.26706974,2.919352934,22.47025572,723.9797492,0.97326603,129.8291418,0.518978484,4.419140501,57.84573773,6.803555744,0
700.5276916,19.4616344,40.83903046,70.73896392,7.225252369,2.35040774,0.196530784,2.265136462,0,0.604051441,7.072299832,724.7264503,0.612635675,0.792029007,3.992802808,97.93888229,2.09986707,0.828032651,1.900121251,0.400458277,30.68250047,73.90304511,0.247203731,290.3333966,0.721955794,9.253743919,57.60609675,5.557121662,1
352.9847403,37.72107523,1.747769227,266.4493903,7.348317297,19.31299089,0,7.435752032,0,16.03461378,37.86485882,573.4893341,0.244172915,2.881242275,1.215224681,59.10106524,2.242193696,1.193384155,2.950196466,6.999698746,15.96465169,35.42578212,1.775573532,313.2550834,154.4013911,9.713231984,37.88638917,5.042883207,1
